Team,Age,W,L,PW,PL,MOV,SOS,SRS,ORtg,DRtg,NRtg,Pace,FTr,3PAr,TS%,Off_eFG%,Off_TOV%,ORB%,Off_FT/FGA,Def_eFG%,Def_TOV%,DRB%,Def_FT/FGA,G,MP,FG,FGA,FG%,3P,3PA,3P%,2P,2PA,2P%,FT,FTA,FT%,ORB,DRB,TRB,AST,STL,BLK,TOV,PF,PTS,Year
Orlando Magic,27.9,59.0,23.0,61,21,7.49,-0.37,7.12,111.4,103.3,8.1,92.0,0.34,0.35,0.573,0.536,13.6,24.6,0.246,0.477,12.2,77.4,0.205,82,19730,39.7,84.5,0.47,11.1,29.6,0.375,28.6,54.9,0.521,20.8,28.8,0.724,10.7,36.2,46.9,21.3,6.8,6.0,15.3,21.5,111.4,2010
Cleveland Cavaliers,28.0,61.0,21.0,59,23,6.52,-0.36,6.17,111.2,104.1,7.1,91.4,0.341,0.248,0.57,0.532,13.4,25.1,0.246,0.482,12.3,77.2,0.218,82,19780,41.2,84.9,0.485,8.0,21.0,0.381,33.2,63.9,0.52,20.8,29.0,0.72,10.5,35.8,46.3,24.4,7.5,5.6,15.1,21.1,111.2,2010
Utah Jazz,25.6,53.0,29.0,55,27,5.34,-0.01,5.33,110.7,105.0,5.7,93.8,0.34,0.184,0.565,0.524,14.2,26.8,0.252,0.492,14.2,75.6,0.269,82,19755,41.8,85.1,0.491,5.7,15.6,0.364,36.1,69.5,0.519,21.4,28.9,0.741,11.3,33.5,44.8,28.3,8.7,5.2,16.1,24.1,110.7,2010
San Antonio Spurs,28.7,50.0,32.0,55,27,5.09,-0.02,5.07,110.0,104.5,5.5,91.7,0.296,0.232,0.552,0.515,12.9,26.8,0.219,0.483,12.1,76.3,0.214,82,19780,41.7,88.1,0.473,7.3,20.5,0.358,34.4,67.7,0.508,19.3,26.1,0.74,11.7,34.7,46.4,24.2,6.8,5.0,14.8,22.1,110.0,2010
Atlanta Hawks,26.5,53.0,29.0,54,28,4.66,-0.22,4.44,111.9,106.7,5.2,90.1,0.281,0.214,0.545,0.506,11.4,28.2,0.213,0.496,13.2,72.7,0.208,82,19855,42.7,91.2,0.468,7.0,19.5,0.36,35.6,71.7,0.497,19.5,25.7,0.759,13.0,32.9,45.9,24.0,7.9,5.5,13.1,21.9,111.9,2010
Phoenix Suns,28.5,54.0,28.0,54,28,4.9,-0.23,4.67,115.3,110.2,5.1,95.3,0.312,0.261,0.585,0.546,13.6,27.6,0.24,0.491,11.6,70.8,0.224,82,19730,42.6,86.6,0.492,9.3,22.6,0.412,33.3,64.0,0.52,20.8,27.0,0.77,11.6,33.4,45.0,24.4,6.1,5.3,15.4,21.9,115.3,2010
Los Angeles Lakers,28.4,57.0,25.0,54,28,4.72,0.06,4.78,108.8,103.7,5.1,92.8,0.289,0.227,0.538,0.496,12.4,27.6,0.221,0.484,13.2,74.4,0.195,82,19830,41.0,89.7,0.457,6.9,20.4,0.341,34.1,69.3,0.492,19.8,25.9,0.765,12.7,34.7,47.4,22.6,8.0,5.2,14.3,20.8,108.8,2010
Denver Nuggets,27.7,53.0,29.0,52,30,4.09,0.06,4.15,111.8,107.5,4.3,94.8,0.376,0.227,0.561,0.509,12.7,26.1,0.29,0.495,13.8,72.4,0.251,82,19780,40.0,85.5,0.468,7.0,19.4,0.359,33.0,66.1,0.5,24.8,32.1,0.772,11.4,32.1,43.5,22.0,8.7,5.3,14.5,23.6,111.8,2010
Boston Celtics,29.4,50.0,32.0,52,30,3.66,-0.29,3.37,107.7,103.8,3.9,91.6,0.332,0.228,0.564,0.522,14.5,22.8,0.248,0.487,14.9,73.8,0.251,82,19780,40.2,83.3,0.483,6.6,19.0,0.348,33.6,64.4,0.523,20.6,27.7,0.746,9.5,32.4,41.9,25.6,9.3,5.3,16.1,24.0,107.7,2010
Portland Trail Blazers,26.6,50.0,32.0,51,31,3.3,-0.13,3.18,110.8,107.1,3.7,87.7,0.315,0.215,0.547,0.499,12.1,28.2,0.249,0.502,13.3,74.8,0.219,82,19855,41.0,88.9,0.461,6.8,19.1,0.354,34.2,69.8,0.49,22.1,28.0,0.79,12.6,32.8,45.4,23.1,7.2,4.8,13.9,23.6,110.8,2010
Oklahoma City Thunder,23.2,50.0,32.0,51,31,3.49,0.06,3.55,108.3,104.6,3.7,93.1,0.333,0.185,0.547,0.494,13.9,28.6,0.268,0.483,14.0,73.6,0.229,82,19805,39.9,86.3,0.462,5.4,16.0,0.34,34.4,70.3,0.49,23.1,28.8,0.805,12.5,33.9,46.4,21.3,8.5,6.3,16.0,22.7,108.3,2010
Dallas Mavericks,30.7,55.0,27.0,49,33,2.72,-0.06,2.66,109.2,106.3,2.9,92.5,0.277,0.222,0.552,0.506,12.3,24.3,0.226,0.495,13.6,73.7,0.206,82,19880,41.0,88.2,0.464,7.3,19.6,0.372,33.7,68.7,0.491,19.9,24.4,0.816,10.9,33.8,44.6,25.0,8.1,5.9,13.8,20.4,109.2,2010
Miami Heat,27.1,47.0,35.0,48,34,2.28,-0.29,1.99,106.6,104.1,2.5,89.6,0.296,0.219,0.537,0.496,12.8,26.1,0.223,0.48,13.9,74.9,0.246,82,19880,40.2,87.8,0.458,6.7,19.2,0.346,33.5,68.6,0.489,19.6,26.0,0.752,11.8,34.4,46.2,20.9,8.2,6.2,14.5,23.0,106.6,2010
Milwaukee Bucks,26.4,46.0,36.0,46,36,1.7,-0.32,1.37,104.9,103.1,1.8,91.7,0.239,0.259,0.518,0.482,12.3,26.2,0.181,0.486,14.6,76.4,0.266,82,19980,40.0,91.7,0.436,8.5,23.8,0.356,31.5,67.9,0.464,16.6,21.9,0.755,12.6,33.5,46.2,22.8,7.6,5.0,14.2,23.9,104.9,2010
Charlotte Bobcats,27.4,44.0,38.0,45,37,1.46,-0.17,1.3,104.4,102.8,1.6,90.4,0.346,0.211,0.538,0.49,15.1,26.5,0.26,0.491,14.7,74.2,0.194,82,19880,38.2,84.3,0.453,6.1,17.8,0.346,32.0,66.5,0.482,21.9,29.1,0.751,11.5,33.3,44.7,22.2,8.4,6.0,17.2,21.3,104.4,2010
Houston Rockets,26.0,42.0,40.0,40,42,-0.37,0.35,-0.02,107.6,108.0,-0.4,94.0,0.292,0.265,0.537,0.494,13.2,26.9,0.225,0.511,13.6,73.8,0.215,82,19905,39.7,88.8,0.447,8.3,23.6,0.351,31.4,65.2,0.481,20.0,25.9,0.772,12.4,31.7,44.1,22.9,7.5,4.1,15.2,21.9,107.6,2010
Memphis Grizzlies,24.1,40.0,42.0,37,45,-1.51,0.13,-1.39,108.3,109.9,-1.6,93.6,0.32,0.148,0.536,0.494,13.7,31.3,0.235,0.52,13.2,73.3,0.205,82,19905,41.5,88.6,0.469,4.4,13.1,0.337,37.1,75.5,0.492,20.8,28.4,0.733,13.8,32.2,46.0,19.9,8.3,5.1,16.1,21.3,108.3,2010
Chicago Bulls,26.2,41.0,41.0,36,46,-1.63,0.0,-1.64,103.5,105.3,-1.8,93.1,0.287,0.156,0.52,0.477,13.3,26.6,0.217,0.484,12.3,74.8,0.212,82,19905,39.9,88.4,0.451,4.6,13.8,0.33,35.3,74.6,0.474,19.2,25.4,0.754,12.1,35.2,47.3,22.1,6.9,6.2,15.2,21.3,103.5,2010
Toronto Raptors,25.2,40.0,42.0,36,46,-1.78,-0.05,-1.83,111.3,113.2,-1.9,93.1,0.319,0.211,0.564,0.521,12.7,24.7,0.244,0.513,11.8,72.9,0.247,82,19780,41.7,86.5,0.482,6.8,18.2,0.371,35.0,68.2,0.512,21.1,27.6,0.764,10.5,32.7,43.2,23.5,6.1,5.0,14.3,23.7,111.3,2010
New Orleans Hornets,27.5,37.0,45.0,34,48,-2.46,0.19,-2.27,107.4,110.1,-2.7,92.6,0.243,0.23,0.543,0.506,12.7,24.8,0.189,0.523,13.5,73.8,0.205,82,19830,41.5,89.4,0.464,7.5,20.5,0.363,34.1,68.9,0.495,16.9,21.7,0.778,11.1,32.0,43.1,23.9,8.2,3.9,14.4,21.0,107.4,2010
Indiana Pacers,26.6,32.0,50.0,33,49,-3.01,-0.1,-3.11,103.7,106.8,-3.1,97.1,0.296,0.278,0.536,0.491,13.8,21.6,0.229,0.49,13.4,73.0,0.258,82,19705,37.9,85.6,0.443,8.3,23.8,0.348,29.6,61.8,0.479,19.6,25.3,0.775,9.9,32.9,42.7,21.7,7.3,5.5,15.5,23.2,103.7,2010
Golden State Warriors,25.1,26.0,56.0,32,50,-3.6,0.32,-3.28,108.1,111.7,-3.6,100.4,0.294,0.238,0.557,0.514,13.1,20.9,0.23,0.525,15.1,68.5,0.26,82,19730,40.4,86.0,0.469,7.7,20.4,0.375,32.7,65.5,0.499,19.8,25.3,0.782,9.1,29.1,38.2,22.3,9.2,4.1,14.6,22.9,108.1,2010
New York Knicks,25.4,29.0,53.0,31,51,-3.82,-0.19,-4.01,107.6,111.6,-4.0,94.0,0.256,0.312,0.547,0.509,13.0,23.5,0.2,0.526,13.3,72.1,0.207,82,19880,40.2,88.3,0.455,9.5,27.6,0.346,30.6,60.8,0.504,17.7,22.6,0.782,10.7,31.8,42.6,22.8,7.5,3.9,14.7,21.0,107.6,2010
Philadelphia 76ers,25.4,27.0,55.0,30,52,-3.9,-0.03,-3.93,106.1,110.3,-4.2,91.6,0.27,0.206,0.534,0.496,13.7,27.6,0.204,0.518,13.8,73.2,0.231,82,19805,40.9,88.7,0.46,6.3,18.3,0.343,34.6,70.5,0.491,18.1,23.9,0.756,12.5,32.0,44.5,22.8,8.8,5.8,15.8,22.2,106.1,2010
Sacramento Kings,24.1,25.0,57.0,29,53,-4.37,0.3,-4.06,105.3,109.9,-4.6,94.0,0.286,0.201,0.528,0.491,13.6,27.8,0.207,0.505,12.6,73.5,0.244,82,19880,40.4,88.6,0.456,6.2,17.8,0.349,34.2,70.8,0.483,18.4,25.3,0.726,12.5,32.3,44.9,21.6,7.2,4.7,15.7,23.5,105.3,2010
Washington Wizards,27.6,26.0,56.0,28,54,-4.78,0.06,-4.72,104.2,109.4,-5.2,91.6,0.283,0.183,0.524,0.481,13.9,27.6,0.216,0.502,12.8,72.4,0.239,82,19830,39.7,88.5,0.449,5.7,16.2,0.353,34.0,72.3,0.471,19.1,25.0,0.762,12.8,32.5,45.2,20.6,6.5,5.6,16.1,23.1,104.2,2010
Detroit Pistons,26.7,27.0,55.0,26,56,-5.11,0.09,-5.02,105.6,111.4,-5.8,88.5,0.303,0.18,0.515,0.474,12.8,30.3,0.22,0.526,14.2,73.4,0.264,82,19780,40.3,90.5,0.445,5.1,16.3,0.314,35.2,74.2,0.474,19.9,27.4,0.728,14.4,30.7,45.2,21.8,8.2,4.3,15.1,25.0,105.6,2010
Los Angeles Clippers,27.3,29.0,53.0,24,58,-6.35,0.34,-6.01,103.3,110.1,-6.8,92.6,0.283,0.221,0.529,0.491,14.8,27.1,0.206,0.509,12.2,74.0,0.214,82,19705,39.5,86.8,0.455,6.4,19.2,0.332,33.1,67.7,0.49,17.9,24.6,0.73,12.2,32.9,45.1,23.8,7.0,6.1,16.9,20.8,103.3,2010
Minnesota Timberwolves,24.1,15.0,67.0,17,65,-9.6,0.54,-9.06,101.7,111.6,-9.9,96.1,0.278,0.171,0.518,0.478,14.6,26.7,0.207,0.525,13.0,73.6,0.22,82,19780,39.2,87.4,0.449,5.1,14.9,0.341,34.1,72.5,0.471,18.1,24.3,0.746,12.1,32.3,44.4,20.5,7.5,3.9,16.8,21.5,101.7,2010
New Jersey Nets,24.8,12.0,70.0,17,65,-9.12,0.19,-8.93,100.6,110.5,-9.9,91.4,0.307,0.181,0.509,0.458,13.7,25.1,0.24,0.517,13.3,71.8,0.229,82,19780,37.4,87.0,0.429,5.0,15.7,0.318,32.4,71.3,0.454,20.9,26.8,0.78,11.9,31.3,43.2,20.5,7.6,5.2,15.7,21.8,100.6,2010
